mutation,chain,position,original_aa,ddg,total_score
A7F,A,7,F,1.2844406193379763,-48.51844286972222
A10R,A,10,R,0.7154929429483751,-48.84362653757732
A4C,A,4,C,0.7134325051874448,-49.54915239840163
A3R,A,3,R,0.6839379327294252,-49.433130545745165
A9R,A,9,R,0.6188772002455826,-49.18644834312635
A5R,A,5,R,0.5030644126594551,-49.33981192104291
A8R,A,8,R,0.3538025782640696,-49.79204429663257
A12F,A,12,F,0.3270713110789315,-49.60571424760706
A11C,A,11,C,0.18029630080761053,-50.61135080596083
