mutation,chain,position,original_aa,ddg,total_score
A39W,A,39,W,3.305210593767192,-47.66246903814049
A22Y,A,22,Y,2.8508559361419743,-50.08864924967769
A42Y,A,42,Y,2.7589703702552715,-44.89406414602372
A126W,A,126,W,2.6838775785712126,-45.61277396115789
A148K,A,148,K,2.56101615807391,-46.83151127548466
A38F,A,38,F,2.5461770161383486,-45.94852363702361
A12R,A,12,R,2.544601566309785,-47.794062884420015
A151H,A,151,H,2.437390810941186,-46.01391129823209
A145R,A,145,R,2.3959598583603503,-46.30540735038447
A153Y,A,153,Y,2.3905057467866877,-48.33584536251269
A32F,A,32,F,2.3479789048581114,-48.11583965891871
A141D,A,141,D,2.3345981036680983,-46.714523362854884
A9W,A,9,W,2.308748800829513,-48.534682493031944
A4Y,A,4,Y,2.26087574590774,-48.09032968951603
A31E,A,31,E,2.259202550633996,-46.343877270691706
A68W,A,68,W,2.25063588404554,-47.29704310245405
A132D,A,132,D,2.225244942677671,-50.575652846209955
A10Y,A,10,Y,2.212571519378447,-47.31605748172864
A5K,A,5,K,2.1925177450943885,-46.65633016117624
A36E,A,36,E,2.181989180613447,-45.783650776530315
A28K,A,28,K,2.176101357265,-50.468458875779106
A140R,A,140,R,2.1684443152792903,-48.80895620612944
A13R,A,13,R,2.1470591205038385,-49.99006315881635
A47R,A,47,R,2.1182940441558022,-47.34603709857658
A3R,A,3,R,2.075003152965951,-45.640452062422014
A18R,A,18,R,2.0428049242231996,-48.39473570046672
A6F,A,6,F,2.036469808216318,-47.149690126404735
A24D,A,24,D,2.012996390104858,-47.729951188110185
